{"n_estimators": 908, "eta": 0.030985188194579728, "max_depth": 9, "subsample": 0.9334054010825726, "colsample_bytree": 0.9984067957444853, "lambda": 0.17387706430988137, "alpha": 0.0010689395416072812, "objective": "reg:squarederror", "tree_method": "hist", "random_state": 42, "n_jobs": 16}