{"n_estimators": 438, "eta": 0.023637018151206803, "max_depth": 9, "subsample": 0.7690400798132498, "colsample_bytree": 0.9227037709561404, "lambda": 0.03802280879300098, "alpha": 6.08918836030274, "objective": "reg:squarederror", "tree_method": "hist", "random_state": 42, "n_jobs": 16}