{"n_estimators": 1015, "eta": 0.07283760683672783, "max_depth": 4, "subsample": 0.89920224955195, "colsample_bytree": 0.7036434579794626, "lambda": 2.4206728116622878, "alpha": 0.05193010501807167, "objective": "reg:squarederror", "tree_method": "hist", "random_state": 42, "n_jobs": 16}