{"n_estimators": 876, "eta": 0.009831790704810611, "max_depth": 8, "subsample": 0.8368246271562807, "colsample_bytree": 0.9825012072211615, "lambda": 0.015097060492185135, "alpha": 8.687803738915532, "objective": "reg:squarederror", "tree_method": "hist", "random_state": 42, "n_jobs": 16}