key,rmse
0–4,169.55958130008673
4–8,92.45573530655652
8–12,42.54586317091472
12–16,
16–20,
20–25,
25+,
