key,rmse
0–4,6.730865718651185
4–8,7.088327347351351
8–12,2.7327244929987264
12–16,
16–20,
20–25,
25+,
