key,rmse
0–4,2134.0978708137113
4–8,5428.655588605126
8–12,8980.031639655093
12–16,
16–20,
20–25,
25+,
