{"n_estimators": 1325, "eta": 0.007824284419985072, "max_depth": 7, "subsample": 0.760917808961564, "colsample_bytree": 0.7533314558402201, "lambda": 1.0012042948538125, "alpha": 0.011537431023437794, "objective": "reg:squarederror", "tree_method": "hist", "random_state": 42, "n_jobs": 16}