{"n_estimators": 1941, "eta": 0.0569438459793828, "max_depth": 4, "subsample": 0.596290129249187, "colsample_bytree": 0.9998117854307759, "lambda": 0.027369247337107577, "alpha": 0.08549354494345138, "objective": "reg:squarederror", "tree_method": "hist", "random_state": 42, "n_jobs": 16}