key,rmse
0–4,4261.931945841058
4–8,3048.1223972975345
8–12,3105.452037830033
12–16,
16–20,
20–25,
25+,
