key,rmse
0–4,16025.741513884654
4–8,15099.240613320382
8–12,2385.9857390093334
12–16,
16–20,
20–25,
25+,
