key,rmse
0–4,1922.5668874858482
4–8,6724.122341032068
8–12,8015.859259706235
12–16,
16–20,
20–25,
25+,
